/*
Navicat MySQL Data Transfer

Source Server         : 127.0.0.1
Source Server Version : 50561
Source Host           : localhost:3306
Source Database       : test

Target Server Type    : MYSQL
Target Server Version : 50561
File Encoding         : 65001

Date: 2020-09-30 18:22:26
*/

SET FOREIGN_KEY_CHECKS=0;

-- ----------------------------
-- Table structure for oauth_access_token
-- ----------------------------
DROP TABLE IF EXISTS `oauth_access_token`;
CREATE TABLE `oauth_access_token` (
  `authentication_id` varchar(128) NOT NULL COMMENT '身份验证ID',
  `token_id` varchar(128) DEFAULT NULL COMMENT '令牌ID',
  `token` blob COMMENT '令牌',
  `user_name` varchar(256) DEFAULT NULL COMMENT '用户名',
  `client_id` varchar(128) DEFAULT NULL COMMENT '客户端ID',
  `authentication` blob COMMENT '认证体',
  `refresh_token` varchar(256) DEFAULT NULL COMMENT '刷新令牌',
  PRIMARY KEY (`authentication_id`),
  KEY `PK_token_id` (`token_id`) USING BTREE,
  KEY `PK_refresh_token` (`refresh_token`(191)) USING BTREE
) ENGINE=InnoDB DEFAULT CHARSET=utf8mb4;

-- ----------------------------
-- Records of oauth_access_token
-- ----------------------------

-- ----------------------------
-- Table structure for oauth_approvals
-- ----------------------------
DROP TABLE IF EXISTS `oauth_approvals`;
CREATE TABLE `oauth_approvals` (
  `userId` varchar(128) DEFAULT NULL,
  `clientId` varchar(128) DEFAULT NULL,
  `scope` varchar(256) DEFAULT NULL,
  `status` varchar(10) DEFAULT NULL,
  `expiresAt` timestamp NOT NULL DEFAULT '0000-00-00 00:00:00',
  `lastModifiedAt` timestamp NOT NULL DEFAULT '0000-00-00 00:00:00',
  `id` bigint(20) NOT NULL AUTO_INCREMENT,
  PRIMARY KEY (`id`)
) ENGINE=InnoDB DEFAULT CHARSET=utf8mb4;

-- ----------------------------
-- Records of oauth_approvals
-- ----------------------------

-- ----------------------------
-- Table structure for oauth_client
-- ----------------------------
DROP TABLE IF EXISTS `oauth_client`;
CREATE TABLE `oauth_client` (
  `id` varchar(128) NOT NULL COMMENT '客户端id',
  `name` varchar(256) DEFAULT NULL COMMENT '客户端名称',
  `disabled` bit(1) NOT NULL DEFAULT b'0',
  `update_time` timestamp NOT NULL DEFAULT '0000-00-00 00:00:00',
  `create_time` timestamp NOT NULL DEFAULT '0000-00-00 00:00:00',
  PRIMARY KEY (`id`)
) ENGINE=InnoDB DEFAULT CHARSET=utf8mb4 COMMENT='客户端表';

-- ----------------------------
-- Records of oauth_client
-- ----------------------------

-- ----------------------------
-- Table structure for oauth_client_details
-- ----------------------------
DROP TABLE IF EXISTS `oauth_client_details`;
CREATE TABLE `oauth_client_details` (
  `client_id` varchar(128) NOT NULL COMMENT '客户端id',
  `resource_ids` varchar(256) DEFAULT NULL COMMENT '客户端所能访问的资源id集合',
  `client_secret` varchar(256) DEFAULT NULL COMMENT '客户端访问密匙',
  `scope` varchar(256) DEFAULT NULL COMMENT '客户端申请的权限范围',
  `authorized_grant_types` varchar(256) DEFAULT NULL COMMENT '授权类型',
  `web_server_redirect_uri` varchar(256) DEFAULT NULL COMMENT '客户端重定向URI',
  `authorities` varchar(256) DEFAULT NULL COMMENT '客户端权限',
  `access_token_validity` int(11) DEFAULT NULL COMMENT 'access_token的有效时间（单位:秒）',
  `refresh_token_validity` int(11) DEFAULT NULL COMMENT 'refresh_token的有效时间（单位:秒）',
  `additional_information` varchar(4096) DEFAULT NULL COMMENT '预留字段，JSON格式',
  `autoapprove` varchar(256) DEFAULT NULL COMMENT '是否自动Approval操作',
  PRIMARY KEY (`client_id`)
) ENGINE=InnoDB DEFAULT CHARSET=utf8mb4 COMMENT='客户端详情';

-- ----------------------------
-- Records of oauth_client_details
-- ----------------------------
INSERT INTO `oauth_client_details` VALUES ('client_2', null, '1234567', 'openid', 'authorization_code,refresh_token,client_credentials,password', null, 'openid', null, null, null, 'true');

-- ----------------------------
-- Table structure for oauth_client_token
-- ----------------------------
DROP TABLE IF EXISTS `oauth_client_token`;
CREATE TABLE `oauth_client_token` (
  `authentication_id` varchar(128) NOT NULL COMMENT '身份验证ID',
  `token_id` varchar(128) DEFAULT NULL COMMENT '令牌ID',
  `token` blob COMMENT '令牌',
  `user_name` varchar(256) DEFAULT NULL COMMENT '用户名',
  `client_id` varchar(256) DEFAULT NULL COMMENT '客户端ID',
  PRIMARY KEY (`authentication_id`)
) ENGINE=InnoDB DEFAULT CHARSET=utf8mb4;

-- ----------------------------
-- Records of oauth_client_token
-- ----------------------------

-- ----------------------------
-- Table structure for oauth_code
-- ----------------------------
DROP TABLE IF EXISTS `oauth_code`;
CREATE TABLE `oauth_code` (
  `code` varchar(256) DEFAULT NULL,
  `authentication` blob,
  `id` bigint(20) NOT NULL AUTO_INCREMENT COMMENT '主键',
  PRIMARY KEY (`id`)
) ENGINE=InnoDB DEFAULT CHARSET=utf8mb4;

-- ----------------------------
-- Records of oauth_code
-- ----------------------------

-- ----------------------------
-- Table structure for oauth_refresh_token
-- ----------------------------
DROP TABLE IF EXISTS `oauth_refresh_token`;
CREATE TABLE `oauth_refresh_token` (
  `token_id` varchar(128) DEFAULT NULL COMMENT '令牌ID',
  `token` blob COMMENT '令牌',
  `authentication` blob COMMENT '认证体',
  `id` bigint(20) NOT NULL AUTO_INCREMENT COMMENT '主键',
  PRIMARY KEY (`id`)
) ENGINE=InnoDB AUTO_INCREMENT=691 DEFAULT CHARSET=utf8mb4;

-- ----------------------------
-- Records of oauth_refresh_token
-- ----------------------------
INSERT INTO `oauth_refresh_token` VALUES ('4e000eed2b6ba760af191088e0245fe6', 0xACED00057372004C6F72672E737072696E676672616D65776F726B2E73656375726974792E6F61757468322E636F6D6D6F6E2E44656661756C744578706972696E674F417574683252656672657368546F6B656E2FDF47639DD0C9B70200014C000A65787069726174696F6E7400104C6A6176612F7574696C2F446174653B787200446F72672E737072696E676672616D65776F726B2E73656375726974792E6F61757468322E636F6D6D6F6E2E44656661756C744F417574683252656672657368546F6B656E73E10E0A6354D45E0200014C000576616C75657400124C6A6176612F6C616E672F537472696E673B787074002436626532306532302D393031392D343533622D626636342D6138633064653737363765307372000E6A6176612E7574696C2E44617465686A81014B597419030000787077080000017494895F3178, 0xACED0005737200416F72672E737072696E676672616D65776F726B2E73656375726974792E6F61757468322E70726F76696465722E4F417574683241757468656E7469636174696F6EBD400B02166252130200024C000D73746F7265645265717565737474003C4C6F72672F737072696E676672616D65776F726B2F73656375726974792F6F61757468322F70726F76696465722F4F4175746832526571756573743B4C00127573657241757468656E7469636174696F6E7400324C6F72672F737072696E676672616D65776F726B2F73656375726974792F636F72652F41757468656E7469636174696F6E3B787200476F72672E737072696E676672616D65776F726B2E73656375726974792E61757468656E7469636174696F6E2E416273747261637441757468656E7469636174696F6E546F6B656ED3AA287E6E47640E0200035A000D61757468656E746963617465644C000B617574686F7269746965737400164C6A6176612F7574696C2F436F6C6C656374696F6E3B4C000764657461696C737400124C6A6176612F6C616E672F4F626A6563743B787000737200266A6176612E7574696C2E436F6C6C656374696F6E7324556E6D6F6469666961626C654C697374FC0F2531B5EC8E100200014C00046C6973747400104C6A6176612F7574696C2F4C6973743B7872002C6A6176612E7574696C2E436F6C6C656374696F6E7324556E6D6F6469666961626C65436F6C6C656374696F6E19420080CB5EF71E0200014C00016371007E00047870737200136A6176612E7574696C2E41727261794C6973747881D21D99C7619D03000149000473697A65787000000001770400000001737200426F72672E737072696E676672616D65776F726B2E73656375726974792E636F72652E617574686F726974792E53696D706C654772616E746564417574686F7269747900000000000001F40200014C0004726F6C657400124C6A6176612F6C616E672F537472696E673B7870740004555345527871007E000C707372003A6F72672E737072696E676672616D65776F726B2E73656375726974792E6F61757468322E70726F76696465722E4F41757468325265717565737400000000000000010200075A0008617070726F7665644C000B617574686F72697469657371007E00044C000A657874656E73696F6E7374000F4C6A6176612F7574696C2F4D61703B4C000B726564697265637455726971007E000E4C00077265667265736874003B4C6F72672F737072696E676672616D65776F726B2F73656375726974792F6F61757468322F70726F76696465722F546F6B656E526571756573743B4C000B7265736F7572636549647374000F4C6A6176612F7574696C2F5365743B4C000D726573706F6E7365547970657371007E0014787200386F72672E737072696E676672616D65776F726B2E73656375726974792E6F61757468322E70726F76696465722E426173655265717565737436287A3EA37169BD0200034C0008636C69656E74496471007E000E4C001172657175657374506172616D657465727371007E00124C000573636F706571007E00147870740008636C69656E745F32737200256A6176612E7574696C2E436F6C6C656374696F6E7324556E6D6F6469666961626C654D6170F1A5A8FE74F507420200014C00016D71007E00127870737200116A6176612E7574696C2E486173684D61700507DAC1C31660D103000246000A6C6F6164466163746F724900097468726573686F6C6478703F400000000000067708000000080000000374000A6772616E745F7479706574000870617373776F7264740009636C69656E745F6964740008636C69656E745F32740008757365726E616D65740006757365725F3178737200256A6176612E7574696C2E436F6C6C656374696F6E7324556E6D6F6469666961626C65536574801D92D18F9B80550200007871007E0009737200176A6176612E7574696C2E4C696E6B656448617368536574D86CD75A95DD2A1E020000787200116A6176612E7574696C2E48617368536574BA44859596B8B7340300007870770C000000103F4000000000000174000673656C65637478017371007E0025770C000000103F400000000000017371007E000D7400066F6175746832787371007E001A3F40000000000000770800000010000000007870707371007E0025770C000000103F400000000000017400056F72646572787371007E0025770C000000103F40000000000000787372004F6F72672E737072696E676672616D65776F726B2E73656375726974792E61757468656E7469636174696F6E2E557365726E616D6550617373776F726441757468656E7469636174696F6E546F6B656E00000000000001F40200024C000B63726564656E7469616C7371007E00054C00097072696E636970616C71007E00057871007E0003017371007E00077371007E000B0000000177040000000171007E000F7871007E0032737200176A6176612E7574696C2E4C696E6B6564486173684D617034C04E5C106CC0FB0200015A000B6163636573734F726465727871007E001A3F400000000000067708000000080000000474000D636C69656E745F73656372657474000631323334353671007E001C71007E001D71007E001E71007E001F71007E002071007E0021780070737200326F72672E737072696E676672616D65776F726B2E73656375726974792E636F72652E7573657264657461696C732E5573657200000000000001F40200075A00116163636F756E744E6F6E457870697265645A00106163636F756E744E6F6E4C6F636B65645A001563726564656E7469616C734E6F6E457870697265645A0007656E61626C65644C000B617574686F72697469657371007E00144C000870617373776F726471007E000E4C0008757365726E616D6571007E000E7870010101017371007E0022737200116A6176612E7574696C2E54726565536574DD98509395ED875B0300007870737200466F72672E737072696E676672616D65776F726B2E73656375726974792E636F72652E7573657264657461696C732E5573657224417574686F72697479436F6D70617261746F7200000000000001F4020000787077040000000171007E000F7870740006757365725F31, '685');
INSERT INTO `oauth_refresh_token` VALUES ('bf1aae0572c903cce6857655f0a376b9', 0xACED00057372004C6F72672E737072696E676672616D65776F726B2E73656375726974792E6F61757468322E636F6D6D6F6E2E44656661756C744578706972696E674F417574683252656672657368546F6B656E2FDF47639DD0C9B70200014C000A65787069726174696F6E7400104C6A6176612F7574696C2F446174653B787200446F72672E737072696E676672616D65776F726B2E73656375726974792E6F61757468322E636F6D6D6F6E2E44656661756C744F417574683252656672657368546F6B656E73E10E0A6354D45E0200014C000576616C75657400124C6A6176612F6C616E672F537472696E673B787074002462376234636663332D393436642D343232662D626138632D6130343161363165396463317372000E6A6176612E7574696C2E44617465686A81014B5974190300007870770800000174E2534BC578, 0xACED0005737200416F72672E737072696E676672616D65776F726B2E73656375726974792E6F61757468322E70726F76696465722E4F417574683241757468656E7469636174696F6EBD400B02166252130200024C000D73746F7265645265717565737474003C4C6F72672F737072696E676672616D65776F726B2F73656375726974792F6F61757468322F70726F76696465722F4F4175746832526571756573743B4C00127573657241757468656E7469636174696F6E7400324C6F72672F737072696E676672616D65776F726B2F73656375726974792F636F72652F41757468656E7469636174696F6E3B787200476F72672E737072696E676672616D65776F726B2E73656375726974792E61757468656E7469636174696F6E2E416273747261637441757468656E7469636174696F6E546F6B656ED3AA287E6E47640E0200035A000D61757468656E746963617465644C000B617574686F7269746965737400164C6A6176612F7574696C2F436F6C6C656374696F6E3B4C000764657461696C737400124C6A6176612F6C616E672F4F626A6563743B787000737200266A6176612E7574696C2E436F6C6C656374696F6E7324556E6D6F6469666961626C654C697374FC0F2531B5EC8E100200014C00046C6973747400104C6A6176612F7574696C2F4C6973743B7872002C6A6176612E7574696C2E436F6C6C656374696F6E7324556E6D6F6469666961626C65436F6C6C656374696F6E19420080CB5EF71E0200014C00016371007E00047870737200136A6176612E7574696C2E41727261794C6973747881D21D99C7619D03000149000473697A65787000000001770400000001737200426F72672E737072696E676672616D65776F726B2E73656375726974792E636F72652E617574686F726974792E53696D706C654772616E746564417574686F7269747900000000000001F40200014C0004726F6C657400124C6A6176612F6C616E672F537472696E673B7870740004555345527871007E000C707372003A6F72672E737072696E676672616D65776F726B2E73656375726974792E6F61757468322E70726F76696465722E4F41757468325265717565737400000000000000010200075A0008617070726F7665644C000B617574686F72697469657371007E00044C000A657874656E73696F6E7374000F4C6A6176612F7574696C2F4D61703B4C000B726564697265637455726971007E000E4C00077265667265736874003B4C6F72672F737072696E676672616D65776F726B2F73656375726974792F6F61757468322F70726F76696465722F546F6B656E526571756573743B4C000B7265736F7572636549647374000F4C6A6176612F7574696C2F5365743B4C000D726573706F6E7365547970657371007E0014787200386F72672E737072696E676672616D65776F726B2E73656375726974792E6F61757468322E70726F76696465722E426173655265717565737436287A3EA37169BD0200034C0008636C69656E74496471007E000E4C001172657175657374506172616D657465727371007E00124C000573636F706571007E00147870740008636C69656E745F32737200256A6176612E7574696C2E436F6C6C656374696F6E7324556E6D6F6469666961626C654D6170F1A5A8FE74F507420200014C00016D71007E00127870737200116A6176612E7574696C2E486173684D61700507DAC1C31660D103000246000A6C6F6164466163746F724900097468726573686F6C6478703F400000000000067708000000080000000374000A6772616E745F7479706574000870617373776F7264740009636C69656E745F6964740008636C69656E745F32740008757365726E616D65740006757365725F3178737200256A6176612E7574696C2E436F6C6C656374696F6E7324556E6D6F6469666961626C65536574801D92D18F9B80550200007871007E0009737200176A6176612E7574696C2E4C696E6B656448617368536574D86CD75A95DD2A1E020000787200116A6176612E7574696C2E48617368536574BA44859596B8B7340300007870770C000000103F4000000000000174000673656C65637478017371007E0025770C000000103F400000000000017371007E000D7400066F6175746832787371007E001A3F40000000000000770800000010000000007870707371007E0025770C000000103F400000000000017400056F72646572787371007E0025770C000000103F40000000000000787372004F6F72672E737072696E676672616D65776F726B2E73656375726974792E61757468656E7469636174696F6E2E557365726E616D6550617373776F726441757468656E7469636174696F6E546F6B656E00000000000001F40200024C000B63726564656E7469616C7371007E00054C00097072696E636970616C71007E00057871007E0003017371007E00077371007E000B0000000177040000000171007E000F7871007E0032737200176A6176612E7574696C2E4C696E6B6564486173684D617034C04E5C106CC0FB0200015A000B6163636573734F726465727871007E001A3F400000000000067708000000080000000474000D636C69656E745F73656372657474000631323334353671007E001C71007E001D71007E001E71007E001F71007E002071007E0021780070737200326F72672E737072696E676672616D65776F726B2E73656375726974792E636F72652E7573657264657461696C732E5573657200000000000001F40200075A00116163636F756E744E6F6E457870697265645A00106163636F756E744E6F6E4C6F636B65645A001563726564656E7469616C734E6F6E457870697265645A0007656E61626C65644C000B617574686F72697469657371007E00144C000870617373776F726471007E000E4C0008757365726E616D6571007E000E7870010101017371007E0022737200116A6176612E7574696C2E54726565536574DD98509395ED875B0300007870737200466F72672E737072696E676672616D65776F726B2E73656375726974792E636F72652E7573657264657461696C732E5573657224417574686F72697479436F6D70617261746F7200000000000001F4020000787077040000000171007E000F7870740006757365725F31, '686');
INSERT INTO `oauth_refresh_token` VALUES ('42e65f6b9f26a76d4d452881adf47108', 0xACED0005737200446F72672E737072696E676672616D65776F726B2E73656375726974792E6F61757468322E636F6D6D6F6E2E44656661756C744F417574683252656672657368546F6B656E73E10E0A6354D45E0200014C000576616C75657400124C6A6176612F6C616E672F537472696E673B787074002433356263323039342D653436652D343532322D393032382D643635643532663933326333, 0xACED0005737200416F72672E737072696E676672616D65776F726B2E73656375726974792E6F61757468322E70726F76696465722E4F417574683241757468656E7469636174696F6EBD400B02166252130200024C000D73746F7265645265717565737474003C4C6F72672F737072696E676672616D65776F726B2F73656375726974792F6F61757468322F70726F76696465722F4F4175746832526571756573743B4C00127573657241757468656E7469636174696F6E7400324C6F72672F737072696E676672616D65776F726B2F73656375726974792F636F72652F41757468656E7469636174696F6E3B787200476F72672E737072696E676672616D65776F726B2E73656375726974792E61757468656E7469636174696F6E2E416273747261637441757468656E7469636174696F6E546F6B656ED3AA287E6E47640E0200035A000D61757468656E746963617465644C000B617574686F7269746965737400164C6A6176612F7574696C2F436F6C6C656374696F6E3B4C000764657461696C737400124C6A6176612F6C616E672F4F626A6563743B787000737200266A6176612E7574696C2E436F6C6C656374696F6E7324556E6D6F6469666961626C654C697374FC0F2531B5EC8E100200014C00046C6973747400104C6A6176612F7574696C2F4C6973743B7872002C6A6176612E7574696C2E436F6C6C656374696F6E7324556E6D6F6469666961626C65436F6C6C656374696F6E19420080CB5EF71E0200014C00016371007E00047870737200136A6176612E7574696C2E41727261794C6973747881D21D99C7619D03000149000473697A657870000000007704000000007871007E000C707372003A6F72672E737072696E676672616D65776F726B2E73656375726974792E6F61757468322E70726F76696465722E4F41757468325265717565737400000000000000010200075A0008617070726F7665644C000B617574686F72697469657371007E00044C000A657874656E73696F6E7374000F4C6A6176612F7574696C2F4D61703B4C000B72656469726563745572697400124C6A6176612F6C616E672F537472696E673B4C00077265667265736874003B4C6F72672F737072696E676672616D65776F726B2F73656375726974792F6F61757468322F70726F76696465722F546F6B656E526571756573743B4C000B7265736F7572636549647374000F4C6A6176612F7574696C2F5365743B4C000D726573706F6E7365547970657371007E0011787200386F72672E737072696E676672616D65776F726B2E73656375726974792E6F61757468322E70726F76696465722E426173655265717565737436287A3EA37169BD0200034C0008636C69656E74496471007E000F4C001172657175657374506172616D657465727371007E000E4C000573636F706571007E00117870740008636C69656E745F32737200256A6176612E7574696C2E436F6C6C656374696F6E7324556E6D6F6469666961626C654D6170F1A5A8FE74F507420200014C00016D71007E000E7870737200116A6176612E7574696C2E486173684D61700507DAC1C31660D103000246000A6C6F6164466163746F724900097468726573686F6C6478703F400000000000067708000000080000000374000A6772616E745F7479706574000870617373776F7264740009636C69656E745F6964740008636C69656E745F32740008757365726E616D6574000561646D696E78737200256A6176612E7574696C2E436F6C6C656374696F6E7324556E6D6F6469666961626C65536574801D92D18F9B80550200007871007E0009737200176A6176612E7574696C2E4C696E6B656448617368536574D86CD75A95DD2A1E020000787200116A6176612E7574696C2E48617368536574BA44859596B8B7340300007870770C000000103F4000000000000174000673656C65637478017371007E0022770C000000103F40000000000001737200426F72672E737072696E676672616D65776F726B2E73656375726974792E636F72652E617574686F726974792E53696D706C654772616E746564417574686F7269747900000000000001F40200014C0004726F6C6571007E000F78707400066F6175746832787371007E00173F40000000000000770800000010000000007870707371007E0022770C000000103F400000000000017400056F72646572787371007E0022770C000000103F40000000000000787372004F6F72672E737072696E676672616D65776F726B2E73656375726974792E61757468656E7469636174696F6E2E557365726E616D6550617373776F726441757468656E7469636174696F6E546F6B656E00000000000001F40200024C000B63726564656E7469616C7371007E00054C00097072696E636970616C71007E00057871007E0003017371007E00077371007E000B000000007704000000007871007E0030737200176A6176612E7574696C2E4C696E6B6564486173684D617034C04E5C106CC0FB0200015A000B6163636573734F726465727871007E00173F400000000000067708000000080000000474000D636C69656E745F73656372657474000631323334353671007E001971007E001A71007E001B71007E001C71007E001D71007E001E780070737200326F72672E737072696E676672616D65776F726B2E73656375726974792E636F72652E7573657264657461696C732E5573657200000000000001F40200075A00116163636F756E744E6F6E457870697265645A00106163636F756E744E6F6E4C6F636B65645A001563726564656E7469616C734E6F6E457870697265645A0007656E61626C65644C000B617574686F72697469657371007E00114C000870617373776F726471007E000F4C0008757365726E616D6571007E000F7870010101017371007E001F737200116A6176612E7574696C2E54726565536574DD98509395ED875B0300007870737200466F72672E737072696E676672616D65776F726B2E73656375726974792E636F72652E7573657264657461696C732E5573657224417574686F72697479436F6D70617261746F7200000000000001F40200007870770400000000787074000561646D696E, '687');
INSERT INTO `oauth_refresh_token` VALUES ('963a08cd7749049de4ebd9774994fe04', 0xACED0005737200446F72672E737072696E676672616D65776F726B2E73656375726974792E6F61757468322E636F6D6D6F6E2E44656661756C744F417574683252656672657368546F6B656E73E10E0A6354D45E0200014C000576616C75657400124C6A6176612F6C616E672F537472696E673B787074002435346333303261662D336262362D343063612D393734312D353435643931306434353736, 0xACED0005737200416F72672E737072696E676672616D65776F726B2E73656375726974792E6F61757468322E70726F76696465722E4F417574683241757468656E7469636174696F6EBD400B02166252130200024C000D73746F7265645265717565737474003C4C6F72672F737072696E676672616D65776F726B2F73656375726974792F6F61757468322F70726F76696465722F4F4175746832526571756573743B4C00127573657241757468656E7469636174696F6E7400324C6F72672F737072696E676672616D65776F726B2F73656375726974792F636F72652F41757468656E7469636174696F6E3B787200476F72672E737072696E676672616D65776F726B2E73656375726974792E61757468656E7469636174696F6E2E416273747261637441757468656E7469636174696F6E546F6B656ED3AA287E6E47640E0200035A000D61757468656E746963617465644C000B617574686F7269746965737400164C6A6176612F7574696C2F436F6C6C656374696F6E3B4C000764657461696C737400124C6A6176612F6C616E672F4F626A6563743B787000737200266A6176612E7574696C2E436F6C6C656374696F6E7324556E6D6F6469666961626C654C697374FC0F2531B5EC8E100200014C00046C6973747400104C6A6176612F7574696C2F4C6973743B7872002C6A6176612E7574696C2E436F6C6C656374696F6E7324556E6D6F6469666961626C65436F6C6C656374696F6E19420080CB5EF71E0200014C00016371007E00047870737200136A6176612E7574696C2E41727261794C6973747881D21D99C7619D03000149000473697A657870000000007704000000007871007E000C707372003A6F72672E737072696E676672616D65776F726B2E73656375726974792E6F61757468322E70726F76696465722E4F41757468325265717565737400000000000000010200075A0008617070726F7665644C000B617574686F72697469657371007E00044C000A657874656E73696F6E7374000F4C6A6176612F7574696C2F4D61703B4C000B72656469726563745572697400124C6A6176612F6C616E672F537472696E673B4C00077265667265736874003B4C6F72672F737072696E676672616D65776F726B2F73656375726974792F6F61757468322F70726F76696465722F546F6B656E526571756573743B4C000B7265736F7572636549647374000F4C6A6176612F7574696C2F5365743B4C000D726573706F6E7365547970657371007E0011787200386F72672E737072696E676672616D65776F726B2E73656375726974792E6F61757468322E70726F76696465722E426173655265717565737436287A3EA37169BD0200034C0008636C69656E74496471007E000F4C001172657175657374506172616D657465727371007E000E4C000573636F706571007E00117870740008636C69656E745F32737200256A6176612E7574696C2E436F6C6C656374696F6E7324556E6D6F6469666961626C654D6170F1A5A8FE74F507420200014C00016D71007E000E7870737200116A6176612E7574696C2E486173684D61700507DAC1C31660D103000246000A6C6F6164466163746F724900097468726573686F6C6478703F400000000000067708000000080000000374000A6772616E745F7479706574000870617373776F7264740009636C69656E745F6964740008636C69656E745F32740008757365726E616D6574000561646D696E78737200256A6176612E7574696C2E436F6C6C656374696F6E7324556E6D6F6469666961626C65536574801D92D18F9B80550200007871007E0009737200176A6176612E7574696C2E4C696E6B656448617368536574D86CD75A95DD2A1E020000787200116A6176612E7574696C2E48617368536574BA44859596B8B7340300007870770C000000103F400000000000017400066F70656E696478017371007E0022770C000000103F40000000000001737200426F72672E737072696E676672616D65776F726B2E73656375726974792E636F72652E617574686F726974792E53696D706C654772616E746564417574686F7269747900000000000001F40200014C0004726F6C6571007E000F78707400066F70656E6964787371007E00173F40000000000000770800000010000000007870707371007E0022770C000000103F40000000000000787371007E0022770C000000103F40000000000000787372004F6F72672E737072696E676672616D65776F726B2E73656375726974792E61757468656E7469636174696F6E2E557365726E616D6550617373776F726441757468656E7469636174696F6E546F6B656E00000000000001F40200024C000B63726564656E7469616C7371007E00054C00097072696E636970616C71007E00057871007E0003017371007E00077371007E000B000000007704000000007871007E002F737200176A6176612E7574696C2E4C696E6B6564486173684D617034C04E5C106CC0FB0200015A000B6163636573734F726465727871007E00173F400000000000067708000000080000000474000D636C69656E745F73656372657474000631323334353671007E001971007E001A71007E001B71007E001C71007E001D71007E001E780070737200326F72672E737072696E676672616D65776F726B2E73656375726974792E636F72652E7573657264657461696C732E5573657200000000000001F40200075A00116163636F756E744E6F6E457870697265645A00106163636F756E744E6F6E4C6F636B65645A001563726564656E7469616C734E6F6E457870697265645A0007656E61626C65644C000B617574686F72697469657371007E00114C000870617373776F726471007E000F4C0008757365726E616D6571007E000F7870010101017371007E001F737200116A6176612E7574696C2E54726565536574DD98509395ED875B0300007870737200466F72672E737072696E676672616D65776F726B2E73656375726974792E636F72652E7573657264657461696C732E5573657224417574686F72697479436F6D70617261746F7200000000000001F40200007870770400000000787074000561646D696E, '688');
INSERT INTO `oauth_refresh_token` VALUES ('79bc930b4dc836ebb592d9f3fec4ac38', 0xACED0005737200446F72672E737072696E676672616D65776F726B2E73656375726974792E6F61757468322E636F6D6D6F6E2E44656661756C744F417574683252656672657368546F6B656E73E10E0A6354D45E0200014C000576616C75657400124C6A6176612F6C616E672F537472696E673B787074011D65794A68624763694F694A49557A49314E694973496E523563434936496B705856434A392E65794A316332567958323568625755694F694A685A47317062694973496D703061534936496D526B596A597A4F5755794C5451304F5449744E44426D4F5330354F474A6D4C5759305A6A517A4D4745775A47526A59794973496D4E7361575675644639705A434936496D4E7361575675644638794969776963324E76634755694F6C73696233426C626D6C6B496C3073496D463061534936496A5A694F4441335A47466C4C5451785A446B744E4756694D793034596D55794C54686C4D7A4E6A4E6D5A6B5A4455795A534A392E48396565566C357339594551785236445477616B53713671705861655F4536414531467365514577557A49, 0xACED0005737200416F72672E737072696E676672616D65776F726B2E73656375726974792E6F61757468322E70726F76696465722E4F417574683241757468656E7469636174696F6EBD400B02166252130200024C000D73746F7265645265717565737474003C4C6F72672F737072696E676672616D65776F726B2F73656375726974792F6F61757468322F70726F76696465722F4F4175746832526571756573743B4C00127573657241757468656E7469636174696F6E7400324C6F72672F737072696E676672616D65776F726B2F73656375726974792F636F72652F41757468656E7469636174696F6E3B787200476F72672E737072696E676672616D65776F726B2E73656375726974792E61757468656E7469636174696F6E2E416273747261637441757468656E7469636174696F6E546F6B656ED3AA287E6E47640E0200035A000D61757468656E746963617465644C000B617574686F7269746965737400164C6A6176612F7574696C2F436F6C6C656374696F6E3B4C000764657461696C737400124C6A6176612F6C616E672F4F626A6563743B787000737200266A6176612E7574696C2E436F6C6C656374696F6E7324556E6D6F6469666961626C654C697374FC0F2531B5EC8E100200014C00046C6973747400104C6A6176612F7574696C2F4C6973743B7872002C6A6176612E7574696C2E436F6C6C656374696F6E7324556E6D6F6469666961626C65436F6C6C656374696F6E19420080CB5EF71E0200014C00016371007E00047870737200136A6176612E7574696C2E41727261794C6973747881D21D99C7619D03000149000473697A657870000000007704000000007871007E000C707372003A6F72672E737072696E676672616D65776F726B2E73656375726974792E6F61757468322E70726F76696465722E4F41757468325265717565737400000000000000010200075A0008617070726F7665644C000B617574686F72697469657371007E00044C000A657874656E73696F6E7374000F4C6A6176612F7574696C2F4D61703B4C000B72656469726563745572697400124C6A6176612F6C616E672F537472696E673B4C00077265667265736874003B4C6F72672F737072696E676672616D65776F726B2F73656375726974792F6F61757468322F70726F76696465722F546F6B656E526571756573743B4C000B7265736F7572636549647374000F4C6A6176612F7574696C2F5365743B4C000D726573706F6E7365547970657371007E0011787200386F72672E737072696E676672616D65776F726B2E73656375726974792E6F61757468322E70726F76696465722E426173655265717565737436287A3EA37169BD0200034C0008636C69656E74496471007E000F4C001172657175657374506172616D657465727371007E000E4C000573636F706571007E00117870740008636C69656E745F32737200256A6176612E7574696C2E436F6C6C656374696F6E7324556E6D6F6469666961626C654D6170F1A5A8FE74F507420200014C00016D71007E000E7870737200116A6176612E7574696C2E486173684D61700507DAC1C31660D103000246000A6C6F6164466163746F724900097468726573686F6C6478703F400000000000067708000000080000000374000A6772616E745F7479706574000870617373776F7264740009636C69656E745F6964740008636C69656E745F32740008757365726E616D6574000561646D696E78737200256A6176612E7574696C2E436F6C6C656374696F6E7324556E6D6F6469666961626C65536574801D92D18F9B80550200007871007E0009737200176A6176612E7574696C2E4C696E6B656448617368536574D86CD75A95DD2A1E020000787200116A6176612E7574696C2E48617368536574BA44859596B8B7340300007870770C000000103F400000000000017400066F70656E696478017371007E0022770C000000103F40000000000001737200426F72672E737072696E676672616D65776F726B2E73656375726974792E636F72652E617574686F726974792E53696D706C654772616E746564417574686F7269747900000000000001F40200014C0004726F6C6571007E000F78707400066F70656E6964787371007E00173F40000000000000770800000010000000007870707371007E0022770C000000103F40000000000000787371007E0022770C000000103F40000000000000787372004F6F72672E737072696E676672616D65776F726B2E73656375726974792E61757468656E7469636174696F6E2E557365726E616D6550617373776F726441757468656E7469636174696F6E546F6B656E00000000000001F40200024C000B63726564656E7469616C7371007E00054C00097072696E636970616C71007E00057871007E0003017371007E00077371007E000B000000007704000000007871007E002F737200176A6176612E7574696C2E4C696E6B6564486173684D617034C04E5C106CC0FB0200015A000B6163636573734F726465727871007E00173F400000000000067708000000080000000474000D636C69656E745F7365637265747400073132333435363771007E001971007E001A71007E001B71007E001C71007E001D71007E001E780070737200326F72672E737072696E676672616D65776F726B2E73656375726974792E636F72652E7573657264657461696C732E5573657200000000000001F40200075A00116163636F756E744E6F6E457870697265645A00106163636F756E744E6F6E4C6F636B65645A001563726564656E7469616C734E6F6E457870697265645A0007656E61626C65644C000B617574686F72697469657371007E00114C000870617373776F726471007E000F4C0008757365726E616D6571007E000F7870010101017371007E001F737200116A6176612E7574696C2E54726565536574DD98509395ED875B0300007870737200466F72672E737072696E676672616D65776F726B2E73656375726974792E636F72652E7573657264657461696C732E5573657224417574686F72697479436F6D70617261746F7200000000000001F40200007870770400000000787074000561646D696E, '689');
INSERT INTO `oauth_refresh_token` VALUES ('30b69b04b6fd676f8a110dfacc8c4315', 0xACED0005737200446F72672E737072696E676672616D65776F726B2E73656375726974792E6F61757468322E636F6D6D6F6E2E44656661756C744F417574683252656672657368546F6B656E73E10E0A6354D45E0200014C000576616C75657400124C6A6176612F6C616E672F537472696E673B787074011D65794A68624763694F694A49557A49314E694973496E523563434936496B705856434A392E65794A316332567958323568625755694F694A685A47317062694973496D703061534936496D45335A47457A4D474A6B4C5467354E7A67744E4456694F4330345A4759304C5756694F444D7A4D324533597A45794E694973496D4E7361575675644639705A434936496D4E7361575675644638794969776963324E76634755694F6C73696233426C626D6C6B496C3073496D463061534936496D4D324F575A6B595745324C5464694D5745744E4445775A6930345A5749774C54566C4D4752685A4751774E6D56694E434A392E715037712D52664376574F3844656369744A754146787466347174764E7A64677A7963366348535642626B, 0xACED0005737200416F72672E737072696E676672616D65776F726B2E73656375726974792E6F61757468322E70726F76696465722E4F417574683241757468656E7469636174696F6EBD400B02166252130200024C000D73746F7265645265717565737474003C4C6F72672F737072696E676672616D65776F726B2F73656375726974792F6F61757468322F70726F76696465722F4F4175746832526571756573743B4C00127573657241757468656E7469636174696F6E7400324C6F72672F737072696E676672616D65776F726B2F73656375726974792F636F72652F41757468656E7469636174696F6E3B787200476F72672E737072696E676672616D65776F726B2E73656375726974792E61757468656E7469636174696F6E2E416273747261637441757468656E7469636174696F6E546F6B656ED3AA287E6E47640E0200035A000D61757468656E746963617465644C000B617574686F7269746965737400164C6A6176612F7574696C2F436F6C6C656374696F6E3B4C000764657461696C737400124C6A6176612F6C616E672F4F626A6563743B787000737200266A6176612E7574696C2E436F6C6C656374696F6E7324556E6D6F6469666961626C654C697374FC0F2531B5EC8E100200014C00046C6973747400104C6A6176612F7574696C2F4C6973743B7872002C6A6176612E7574696C2E436F6C6C656374696F6E7324556E6D6F6469666961626C65436F6C6C656374696F6E19420080CB5EF71E0200014C00016371007E00047870737200136A6176612E7574696C2E41727261794C6973747881D21D99C7619D03000149000473697A657870000000007704000000007871007E000C707372003A6F72672E737072696E676672616D65776F726B2E73656375726974792E6F61757468322E70726F76696465722E4F41757468325265717565737400000000000000010200075A0008617070726F7665644C000B617574686F72697469657371007E00044C000A657874656E73696F6E7374000F4C6A6176612F7574696C2F4D61703B4C000B72656469726563745572697400124C6A6176612F6C616E672F537472696E673B4C00077265667265736874003B4C6F72672F737072696E676672616D65776F726B2F73656375726974792F6F61757468322F70726F76696465722F546F6B656E526571756573743B4C000B7265736F7572636549647374000F4C6A6176612F7574696C2F5365743B4C000D726573706F6E7365547970657371007E0011787200386F72672E737072696E676672616D65776F726B2E73656375726974792E6F61757468322E70726F76696465722E426173655265717565737436287A3EA37169BD0200034C0008636C69656E74496471007E000F4C001172657175657374506172616D657465727371007E000E4C000573636F706571007E00117870740008636C69656E745F32737200256A6176612E7574696C2E436F6C6C656374696F6E7324556E6D6F6469666961626C654D6170F1A5A8FE74F507420200014C00016D71007E000E7870737200116A6176612E7574696C2E486173684D61700507DAC1C31660D103000246000A6C6F6164466163746F724900097468726573686F6C6478703F400000000000067708000000080000000374000A6772616E745F7479706574000870617373776F7264740009636C69656E745F6964740008636C69656E745F32740008757365726E616D6574000561646D696E78737200256A6176612E7574696C2E436F6C6C656374696F6E7324556E6D6F6469666961626C65536574801D92D18F9B80550200007871007E0009737200176A6176612E7574696C2E4C696E6B656448617368536574D86CD75A95DD2A1E020000787200116A6176612E7574696C2E48617368536574BA44859596B8B7340300007870770C000000103F400000000000017400066F70656E696478017371007E0022770C000000103F40000000000001737200426F72672E737072696E676672616D65776F726B2E73656375726974792E636F72652E617574686F726974792E53696D706C654772616E746564417574686F7269747900000000000001F40200014C0004726F6C6571007E000F78707400066F70656E6964787371007E00173F40000000000000770800000010000000007870707371007E0022770C000000103F40000000000000787371007E0022770C000000103F40000000000000787372004F6F72672E737072696E676672616D65776F726B2E73656375726974792E61757468656E7469636174696F6E2E557365726E616D6550617373776F726441757468656E7469636174696F6E546F6B656E00000000000001F40200024C000B63726564656E7469616C7371007E00054C00097072696E636970616C71007E00057871007E0003017371007E00077371007E000B000000007704000000007871007E002F737200176A6176612E7574696C2E4C696E6B6564486173684D617034C04E5C106CC0FB0200015A000B6163636573734F726465727871007E00173F400000000000067708000000080000000474000D636C69656E745F7365637265747400073132333435363771007E001971007E001A71007E001B71007E001C71007E001D71007E001E780070737200326F72672E737072696E676672616D65776F726B2E73656375726974792E636F72652E7573657264657461696C732E5573657200000000000001F40200075A00116163636F756E744E6F6E457870697265645A00106163636F756E744E6F6E4C6F636B65645A001563726564656E7469616C734E6F6E457870697265645A0007656E61626C65644C000B617574686F72697469657371007E00114C000870617373776F726471007E000F4C0008757365726E616D6571007E000F7870010101017371007E001F737200116A6176612E7574696C2E54726565536574DD98509395ED875B0300007870737200466F72672E737072696E676672616D65776F726B2E73656375726974792E636F72652E7573657264657461696C732E5573657224417574686F72697479436F6D70617261746F7200000000000001F40200007870770400000000787074000561646D696E, '690');

-- ----------------------------
-- Table structure for oauth_resource
-- ----------------------------
DROP TABLE IF EXISTS `oauth_resource`;
CREATE TABLE `oauth_resource` (
  `id` varchar(128) NOT NULL,
  `name` varchar(256) DEFAULT NULL,
  `alias` varchar(256) DEFAULT NULL,
  `describe` varchar(256) DEFAULT NULL,
  `disabled` bit(1) NOT NULL DEFAULT b'0',
  `update_time` timestamp NOT NULL DEFAULT '0000-00-00 00:00:00',
  `create_time` timestamp NOT NULL DEFAULT '0000-00-00 00:00:00',
  PRIMARY KEY (`id`)
) ENGINE=InnoDB DEFAULT CHARSET=utf8mb4 COMMENT='资源表';

-- ----------------------------
-- Records of oauth_resource
-- ----------------------------

-- ----------------------------
-- Table structure for sys_menu
-- ----------------------------
DROP TABLE IF EXISTS `sys_menu`;
CREATE TABLE `sys_menu` (
  `menu_id` varchar(64) NOT NULL COMMENT '菜单ID',
  `menu_code` varchar(20) NOT NULL COMMENT '菜单编号',
  `menu_name` varchar(60) NOT NULL COMMENT '菜单名称',
  `parent_id` varchar(64) DEFAULT NULL COMMENT '父菜单ID',
  `cascade_id` varchar(255) DEFAULT NULL COMMENT '级联ID',
  `icon` varchar(60) DEFAULT NULL COMMENT '图标',
  `url` varchar(255) DEFAULT NULL COMMENT '访问路径',
  `sort_no` smallint(5) unsigned NOT NULL COMMENT '排序号',
  `short_alias` varchar(30) DEFAULT NULL COMMENT '简拼',
  `full_alias` varchar(255) DEFAULT NULL COMMENT '全拼',
  `remark` varchar(255) DEFAULT NULL COMMENT '备注',
  `creator_id` varchar(64) NOT NULL COMMENT '创建人ID',
  `create_time` datetime NOT NULL COMMENT '创建时间',
  `modifier_id` varchar(64) DEFAULT NULL COMMENT '修改人ID',
  `modify_time` datetime DEFAULT NULL COMMENT '修改时间',
  PRIMARY KEY (`menu_id`)
) ENGINE=InnoDB DEFAULT CHARSET=utf8 COMMENT='菜单资源表';

-- ----------------------------
-- Records of sys_menu
-- ----------------------------
INSERT INTO `sys_menu` VALUES ('263275604063812522000001', 'root', '系统根目录', '#', '0', null, null, '0', null, null, null, 'admin', '2019-12-31 18:27:47', null, null);
INSERT INTO `sys_menu` VALUES ('264800003581542400000001', 'sys', '系统管理', '263275604063812522000001', '0.001', 'ic ic-setup', '/system', '0', 'xtgl', 'xitongguanli', '系统管理', 'admin', '2020-01-01 17:00:47', 'admin', '2020-04-07 15:51:01');
INSERT INTO `sys_menu` VALUES ('264800369148690432000001', 'project', '项目管理', '263275604063812522000001', '0.002', 'ic ic-flag-fill', '/project', '1', 'xmgl', 'xiangmuguanli', '项目管理', 'admin', '2020-01-01 17:02:08', 'admin', '2020-01-08 10:15:36');
INSERT INTO `sys_menu` VALUES ('264800731561721856000001', 'user', '用户管理', '264800003581542400000001', '0.001.001', 'ic ic-addressbook-fill', '/user', '1', 'yhgl', '', '', 'admin', '2020-01-01 17:03:34', 'admin', '2020-04-07 17:30:01');
INSERT INTO `sys_menu` VALUES ('264800856468094976000001', 'role', '角色管理', '264800003581542400000001', '0.001.002', 'ic ic-barrage', '/role', '2', 'jsgl', 'juseguanli', '', 'admin', '2020-01-01 17:04:04', 'admin', '2020-04-07 17:29:57');
INSERT INTO `sys_menu` VALUES ('265516545428422656000001', 'resource', '资源管理', '264800003581542400000001', '0.001.004', 'ic ic-businesscard-fill', '/resource', '3', 'zygl', 'ziyuanguanli', '', 'admin', '2020-01-03 16:27:57', 'admin', '2020-04-07 17:29:50');
INSERT INTO `sys_menu` VALUES ('265518347032985600000001', 'repository', '代码管理', '263275604063812522000001', '0.003', 'ic ic-workbench-fill', '/repository', '2', 'dmkgl', 'daimakuguanli', '代码库管理', 'admin', '2020-01-03 16:35:07', '263331034588774400000001', '2020-01-09 10:45:06');
INSERT INTO `sys_menu` VALUES ('266637286500728832000001', 'tenant', '租户管理', '264800003581542400000001', '0.001.005', 'ic ic-group-fill', '/tenant', '4', 'zhgl', 'zuhuguanli', '', 'admin', '2020-01-06 18:41:23', 'admin', '2020-04-07 17:29:44');
INSERT INTO `sys_menu` VALUES ('267356895692455936000001', 'tenant-config', '信息维护', '264800003581542400000001', '0.001.008', 'ic ic-group-fill', '/tenant-config', '4', 'xxwh', 'xinxiweihu', '', 'admin', '2020-01-08 18:20:51', 'admin', '2020-04-16 11:27:33');
INSERT INTO `sys_menu` VALUES ('271220103066943488000001', 'template', '应用模板', '263275604063812522000001', '0.004', 'ic ic-manage', '/template', '5', 'yymb', '', '', 'admin', '2020-01-19 10:11:52', 'admin', '2020-01-19 10:49:54');
INSERT INTO `sys_menu` VALUES ('277457051490189312000001', 'app', '应用管理', '263275604063812522000001', '0.005', 'ic ic-order-fill', '/application', '5', '', '', '', '263331034588774400000001', '2020-02-05 15:15:16', null, null);
INSERT INTO `sys_menu` VALUES ('282816453793546240000001', 'pipeline', '流水线管理', '263275604063812522000001', '0.006', 'ic ic-order', '/pipeline', '6', '', '', '', '263331034588774400000001', '2020-02-20 10:11:37', null, null);
INSERT INTO `sys_menu` VALUES ('297751499319017472000001', 'organization', '组织结构', '264800003581542400000001', '0.001.009', 'ic ic-group-fill', '/organization', '5', 'zzjg', 'zuzhijigou', '开发测试数据-勿删', 'admin', '2020-04-01 15:18:09', null, null);
INSERT INTO `sys_menu` VALUES ('298122041410715648000001', 'organization', '组织机构管理', '264800003581542400000001', '0.001.009', 'ic ic-headlines-fill', '/organization', '6', 'zzjg', 'zuzhijigou', '组织机构开发测试', 'admin', '2020-04-02 15:50:34', null, null);
INSERT INTO `sys_menu` VALUES ('299845899205476352000001', 'merchant', '商户管理', '298766409293365248000001', '0.009.001', 'ic ic-people-fill', '/merchant', '0', 'shgl', 'shanghuguanli', '', 'admin', '2020-04-07 10:00:33', null, null);
INSERT INTO `sys_menu` VALUES ('299898410557767680000001', 'payment', '支付方式管理', '298766409293365248000001', '0.009.002', 'ic ic-flag', '/payment', '1', 'zffsgl', 'zhifufangshiguanli', '', 'admin', '2020-04-07 13:29:13', 'admin', '2020-04-07 17:02:44');
INSERT INTO `sys_menu` VALUES ('299924895196774400000001', 'dictionary', '字典管理', '264800003581542400000001', '0.001.010', 'ic ic-order-fill', '/dictionary', '7', 'dict', 'dictionary', '', 'admin', '2020-04-07 15:14:27', 'admin', '2020-04-07 15:14:44');
INSERT INTO `sys_menu` VALUES ('300568946803736576000001', 'pay-channels', '支付渠道管理', '298766409293365248000001', '0.009.003', 'ic ic-dynamic', '/pay-channels', '2', 'zfqdgl', 'zhifuqudaoguanli', '', 'admin', '2020-04-09 09:53:41', null, null);
INSERT INTO `sys_menu` VALUES ('301036049964990464000001', 'trade-record', '业务交易记录', '301035522975858688000001', '0.011.001', 'ic ic-coupons-fill', '/trade-record', '0', '', '', '', 'admin', '2020-04-10 16:49:47', null, null);
INSERT INTO `sys_menu` VALUES ('301036318232674304000001', 'trade-order', '支付订单记录', '301035522975858688000001', '0.011.002', 'ic ic-coupons', '/trade-order', '0', '', '', '', 'admin', '2020-04-10 16:50:51', null, null);
INSERT INTO `sys_menu` VALUES ('302514985681027072000001', 'cash-report', '现金报表', '302514211412508672000001', '0.012.001', 'ic ic-coupons-fill', '/cash-report', '1', 'xjbb', 'xianjinbaobiao', '', 'admin', '2020-04-14 18:46:33', 'admin', '2020-04-15 11:15:49');
INSERT INTO `sys_menu` VALUES ('303829838785937408000001', 'alipay-report', '支付宝报表', '302514211412508672000001', '0.012.002', 'ic ic-dynamic ic-fill', '/alipay-report', '2', 'zfbbb', 'zhifubaobaobiao', '', 'admin', '2020-04-18 09:51:18', 'admin', '2020-04-20 13:44:16');
INSERT INTO `sys_menu` VALUES ('304564268668289024000001', 'cashBoxes', '钞箱监控', '304563738512457728000001', '0.013.001', 'ic ic-coupons-fill', '/cash-boxes', '3', '', '', '', 'admin', '2020-04-20 10:29:40', 'admin', '2020-05-14 14:20:13');
INSERT INTO `sys_menu` VALUES ('304613037992574976000001', 'wechat-report', '微信报表', '302514211412508672000001', '0.012.003', 'ic ic-dynamic ic-fill', '/wechat-report', '3', 'wxbb', 'weixinbaobiao', '', 'admin', '2020-04-20 13:43:28', 'admin', '2020-04-20 13:44:51');
INSERT INTO `sys_menu` VALUES ('304928772832886784000001', 'his-report', 'HIS报表', '302514211412508672000001', '0.012.004', 'ic ic-dynamic ic-fill', '/his-report', '4', 'hbb', 'hisbaobiao', '', 'admin', '2020-04-21 10:38:05', 'admin', '2020-04-21 10:38:23');
INSERT INTO `sys_menu` VALUES ('305293620787806208000001', 'cardboxes', '卡箱监控', '304563738512457728000001', '0.013.002', 'ic ic-barrage-fill', '/card-boxes', '4', '', '', '', 'admin', '2020-04-22 10:47:51', 'admin', '2020-05-14 14:20:20');
INSERT INTO `sys_menu` VALUES ('305369630216552448000001', 'sys-logs', '系统日志', '263275604063812522000001', '0.014', 'ic ic-createtask-fill', '/sys-logs', '11', 'xtrz', '系统日志', '', 'admin', '2020-04-22 15:49:53', 'admin', '2020-05-22 09:32:07');
INSERT INTO `sys_menu` VALUES ('305397046615998464000001', 'module-status', '终端监控', '304563738512457728000001', '0.013.003', 'ic ic-video-fill', '/terminal-module-status', '2', 'sbjk', 'shebeijiankong', '', 'admin', '2020-04-22 17:38:50', 'admin', '2020-05-14 14:20:03');
INSERT INTO `sys_menu` VALUES ('310719888329015296000001', 'fileManage', '平台文件管理', '312888527488548864000001', '0.015', 'ic ic-document-fill', '/file-manage', '2', 'wjgl', 'wenjianguanli', '', 'admin', '2020-05-07 10:09:54', 'admin', '2020-05-13 09:49:49');
INSERT INTO `sys_menu` VALUES ('310747252907835392000001', 'cockpit', 'BI驾驶舱', '302514211412508672000001', '0.012.005', 'ic ic-zhtn', '/cockpit', '5', '', '', '', 'admin', '2020-05-07 11:58:38', null, null);
INSERT INTO `sys_menu` VALUES ('310803323391311872000001', 'bills', '综合对账单', '310802982004326400000001', '0.016.001', 'ic ic-task', '/bills', '1', 'zhdzd', 'zongheduizhangdan', '', 'admin', '2020-05-07 15:41:27', null, null);
INSERT INTO `sys_menu` VALUES ('311069516614336512000001', 'file-extracts', '终端文件提取', '312888527488548864000001', '0.017', 'ic ic-service-fill', '/file-extracts', '1', 'wjtq', 'wenjiantiqu', '', 'admin', '2020-05-08 09:19:12', 'admin', '2020-05-13 09:49:39');
INSERT INTO `sys_menu` VALUES ('311075850990649344000001', 'client-manage', '客户端管理', '263275604063812522000001', '0.018', 'ic ic-computer-fill', '/client-manage', '12', 'khdgl', 'kehuduanguanli', '', 'admin', '2020-05-08 09:44:22', 'admin', '2020-05-22 09:34:26');
INSERT INTO `sys_menu` VALUES ('311077440468287488000001', 'scope', '权限组管理', '311075850990649344000001', '0.018.001', 'ic ic-lock-fill', '/scope', '2', 'qxzgl', 'quanxianzuguanli', '', 'admin', '2020-05-08 09:50:41', 'admin', '2020-05-08 09:58:12');
INSERT INTO `sys_menu` VALUES ('311077971572031488000001', 'client', '客户端信息', '311075850990649344000001', '0.018.002', 'ic ic-computer', '/client', '1', 'khdxx', 'kehuduanxinxi', '', 'admin', '2020-05-08 09:52:48', null, null);
INSERT INTO `sys_menu` VALUES ('311083247612198912000001', 'ipList', 'IP黑白名单', '311075850990649344000001', '0.018.003', 'ic ic-shielding-fill', '/ip-list', '3', 'IPhbmd', 'IPheibaimingdan', '', 'admin', '2020-05-08 10:13:46', null, null);
INSERT INTO `sys_menu` VALUES ('311197050035240960000001', 'sign', '终端签到记录', '304563738512457728000001', '0.010.012', 'ic ic-activity', '/sign-record', '1', '', '', '', 'admin', '2020-05-08 17:45:58', 'admin', '2020-05-14 14:19:56');
INSERT INTO `sys_menu` VALUES ('312259321704480768000001', 'calendar', '对账日历', '310802982004326400000001', '0.016.002', 'ic ic-task-fill', '/calendar', '2', '', '', '', 'admin', '2020-05-11 16:07:04', null, null);
INSERT INTO `sys_menu` VALUES ('312588643266985984000001', 'terminal-board', '终端看板', '263275604063812522000001', '0.020', 'ic ic-zhtn', '/terminal-board', '5', 'zdkb', 'zhongduankanban', '', 'admin', '2020-05-12 13:55:40', 'admin', '2020-05-22 09:30:15');
INSERT INTO `sys_menu` VALUES ('312888527488548864000001', 'terminal-controls', '远程控制', '263275604063812522000001', '0.021', 'ic ic-computer-fill', '', '7', 'yckz', 'yuanchengkongzhi', '', 'admin', '2020-05-13 09:47:18', 'admin', '2020-05-22 09:31:16');
INSERT INTO `sys_menu` VALUES ('315512244286783488000001', 'remote-control', '远程控制记录', '312888527488548864000001', '0.018', '', '/remote-control', '3', 'yckzjl', '远程控制记录', '', 'admin', '2020-05-20 15:33:01', null, null);

-- ----------------------------
-- Table structure for sys_role
-- ----------------------------
DROP TABLE IF EXISTS `sys_role`;
CREATE TABLE `sys_role` (
  `role_id` varchar(64) NOT NULL COMMENT '角色ID',
  `role_code` varchar(30) NOT NULL COMMENT '角色编码',
  `role_name` varchar(60) NOT NULL COMMENT '角色名称',
  `type` tinyint(3) unsigned NOT NULL COMMENT '0:平台 1:租户 2:默认',
  `description` varchar(255) DEFAULT NULL COMMENT '角色描述',
  `status` tinyint(3) unsigned NOT NULL COMMENT '0:停用 1:正常',
  `creator_id` varchar(64) NOT NULL COMMENT '创建人ID',
  `create_time` datetime NOT NULL COMMENT '创建时间',
  `modifier_id` varchar(64) DEFAULT NULL COMMENT '修改人ID',
  `modify_time` datetime DEFAULT NULL COMMENT '修改时间',
  PRIMARY KEY (`role_id`)
) ENGINE=InnoDB DEFAULT CHARSET=utf8 COMMENT='角色表';

-- ----------------------------
-- Records of sys_role
-- ----------------------------
INSERT INTO `sys_role` VALUES ('000000000011111', 'TenantManager', '租户管理员', '1', '系统固有角色，勿删', '1', 'admin', '2019-12-23 18:16:24', 'admin', '2020-01-09 10:50:55');
INSERT INTO `sys_role` VALUES ('263274689638432770000001', 'NormalRole', '平台普通用户', '2', '系统固有角色，勿删', '1', 'admin', '2019-12-28 15:35:16', 'admin', '2020-09-29 14:02:21');
INSERT INTO `sys_role` VALUES ('263274689638432780000001', 'PlatformManager', '平台管理员', '0', '系统固有角色，勿删', '1', 'admin', '2019-12-28 15:39:26', '263331034588774400000001', '2020-01-08 10:39:45');
INSERT INTO `sys_role` VALUES ('263274689638432880000001', 'ProjectManager', '租户普通用户', '1', '系统固有角色，勿删', '1', 'admin', '2019-12-30 19:28:29', 'admin', '2020-09-29 14:02:58');

-- ----------------------------
-- Table structure for sys_role_menu
-- ----------------------------
DROP TABLE IF EXISTS `sys_role_menu`;
CREATE TABLE `sys_role_menu` (
  `rel_id` varchar(64) NOT NULL COMMENT '关联ID',
  `role_id` varchar(64) NOT NULL COMMENT '角色ID',
  `menu_id` varchar(64) NOT NULL COMMENT '菜单ID',
  `modifier_id` varchar(64) NOT NULL COMMENT '修改人ID',
  `modify_time` datetime NOT NULL COMMENT '修改时间',
  PRIMARY KEY (`rel_id`),
  KEY `FK_sys_role_menu` (`role_id`),
  KEY `FK_sys_role_menu_key` (`menu_id`)
) ENGINE=InnoDB DEFAULT CHARSET=utf8 COMMENT='角色菜单关联表';

-- ----------------------------
-- Records of sys_role_menu
-- ----------------------------
INSERT INTO `sys_role_menu` VALUES ('363020533849128961000001', '263274689638432780000001', '264800003581542400000001', 'admin', '2020-09-28 17:54:00');
INSERT INTO `sys_role_menu` VALUES ('363020533853323264000001', '263274689638432780000001', '264800731561721856000001', 'admin', '2020-09-28 17:54:00');
INSERT INTO `sys_role_menu` VALUES ('363020533865906176000001', '263274689638432780000001', '264800856468094976000001', 'admin', '2020-09-28 17:54:00');
INSERT INTO `sys_role_menu` VALUES ('363020533878489088000001', '263274689638432780000001', '265516545428422656000001', 'admin', '2020-09-28 17:54:00');
INSERT INTO `sys_role_menu` VALUES ('363020533899460609000001', '263274689638432780000001', '266637286500728832000001', 'admin', '2020-09-28 17:54:00');
INSERT INTO `sys_role_menu` VALUES ('363020533912043520000001', '263274689638432780000001', '267356895692455936000001', 'admin', '2020-09-28 17:54:00');
INSERT INTO `sys_role_menu` VALUES ('363020533928820736000001', '263274689638432780000001', '297751499319017472000001', 'admin', '2020-09-28 17:54:00');
INSERT INTO `sys_role_menu` VALUES ('363020533937209344000001', '263274689638432780000001', '298122041410715648000001', 'admin', '2020-09-28 17:54:00');
INSERT INTO `sys_role_menu` VALUES ('363020533945597954000001', '263274689638432780000001', '299924895196774400000001', 'admin', '2020-09-28 17:54:00');
INSERT INTO `sys_role_menu` VALUES ('363020533958180865000001', '263274689638432780000001', '311075850990649344000001', 'admin', '2020-09-28 17:54:00');
INSERT INTO `sys_role_menu` VALUES ('363020533962375168000001', '263274689638432780000001', '311077971572031488000001', 'admin', '2020-09-28 17:54:00');
INSERT INTO `sys_role_menu` VALUES ('363020533974958081000001', '263274689638432780000001', '311077440468287488000001', 'admin', '2020-09-28 17:54:00');
INSERT INTO `sys_role_menu` VALUES ('363020534012706817000001', '263274689638432780000001', '311083247612198912000001', 'admin', '2020-09-28 17:54:00');
INSERT INTO `sys_role_menu` VALUES ('363291424617136128000001', '263274689638432770000001', '#', 'admin', '2020-09-29 11:50:25');
INSERT INTO `sys_role_menu` VALUES ('363291424621330432000001', '263274689638432770000001', '277457051490189312000001', 'admin', '2020-09-29 11:50:25');
INSERT INTO `sys_role_menu` VALUES ('363291424625524736000001', '263274689638432770000001', '271220103066943488000001', 'admin', '2020-09-29 11:50:25');
INSERT INTO `sys_role_menu` VALUES ('363324927446614016000001', '263274689638432880000001', '#', 'admin', '2020-09-29 14:03:33');
INSERT INTO `sys_role_menu` VALUES ('363324927471779840000001', '263274689638432880000001', '265518347032985600000001', 'admin', '2020-09-29 14:03:33');
INSERT INTO `sys_role_menu` VALUES ('363324927643746304000001', '263274689638432880000001', '277457051490189312000001', 'admin', '2020-09-29 14:03:33');
INSERT INTO `sys_role_menu` VALUES ('363324927685689344000001', '263274689638432880000001', '312588643266985984000001', 'admin', '2020-09-29 14:03:33');
INSERT INTO `sys_role_menu` VALUES ('363324927727632384000001', '263274689638432880000001', '271220103066943488000001', 'admin', '2020-09-29 14:03:33');
INSERT INTO `sys_role_menu` VALUES ('363324927731826688000001', '263274689638432880000001', '282816453793546240000001', 'admin', '2020-09-29 14:03:33');
INSERT INTO `sys_role_menu` VALUES ('363328456064237568000001', '000000000011111', '#', 'admin', '2020-09-29 14:17:34');
INSERT INTO `sys_role_menu` VALUES ('363328456068431872000001', '000000000011111', '264800731561721856000001', 'admin', '2020-09-29 14:17:34');
INSERT INTO `sys_role_menu` VALUES ('363328456081014784000001', '000000000011111', '267356895692455936000001', 'admin', '2020-09-29 14:17:34');
INSERT INTO `sys_role_menu` VALUES ('363328456101986304000001', '000000000011111', '297751499319017472000001', 'admin', '2020-09-29 14:17:34');
INSERT INTO `sys_role_menu` VALUES ('363328456114569216000001', '000000000011111', '298122041410715648000001', 'admin', '2020-09-29 14:17:34');

-- ----------------------------
-- Table structure for sys_user
-- ----------------------------
DROP TABLE IF EXISTS `sys_user`;
CREATE TABLE `sys_user` (
  `user_id` varchar(64) NOT NULL COMMENT '用户ID',
  `user_name` varchar(50) NOT NULL COMMENT '用户名称',
  `account` varchar(20) NOT NULL COMMENT '用户账号',
  `password` varchar(128) NOT NULL COMMENT '用户密码',
  `telephone` varchar(20) NOT NULL COMMENT '联系电话',
  `photo` varchar(128) DEFAULT NULL COMMENT '用户头像',
  `email` varchar(50) DEFAULT NULL COMMENT '邮箱',
  `pwd_modify_time` datetime DEFAULT NULL COMMENT '密码修改时间',
  `recent_tenant_id` varchar(64) DEFAULT NULL COMMENT '上次登录租户',
  `status` tinyint(3) unsigned NOT NULL COMMENT '0:停用 1:正常',
  `remark` varchar(255) DEFAULT NULL COMMENT '备注',
  `creator_id` varchar(64) NOT NULL COMMENT '创建人ID',
  `create_time` datetime NOT NULL COMMENT '创建时间',
  `modifier_id` varchar(64) DEFAULT NULL COMMENT '修改人ID',
  `modify_time` datetime DEFAULT NULL COMMENT '修改时间',
  PRIMARY KEY (`user_id`)
) ENGINE=InnoDB DEFAULT CHARSET=utf8 COMMENT='用户表';

-- ----------------------------
-- Records of sys_user
-- ----------------------------
INSERT INTO `sys_user` VALUES ('262633250021703680000004', '李四', 'lisi', '96e79218965eb72c92a549dd5a330112', '18678656877', 'picture_product_267259790462287872000001', '', null, '263984820789444608000001', '1', '12', '', '2019-12-19 18:06:54', 'admin', '2020-01-09 10:49:42');
INSERT INTO `sys_user` VALUES ('362936330964959232000001', 'A公司租户管理员', 'ifit-admin', '96e79218965eb72c92a549dd5a330112', '17864276905', '', '', null, '362936395431411712000001', '1', '', 'admin', '2020-09-28 12:19:24', 'admin', '2020-09-29 14:12:30');
INSERT INTO `sys_user` VALUES ('363288516756504576000001', '平台普通用户A', 'ptptyha', '96e79218965eb72c92a549dd5a330112', '13012998787', '', '', null, null, '1', null, 'admin', '2020-09-29 11:38:52', null, null);
INSERT INTO `sys_user` VALUES ('363325469564600320000001', '租户A', 'ifit-a', '96e79218965eb72c92a549dd5a330112', '13012332345', '', '', null, '362936395431411712000001', '1', null, '362936330964959232000001', '2020-09-29 14:05:42', null, null);
INSERT INTO `sys_user` VALUES ('363326328943935488000001', '租户B', 'ifit-b', '96e79218965eb72c92a549dd5a330112', '13022222222', '', '', null, '362936395431411712000001', '1', null, '362936330964959232000001', '2020-09-29 14:09:07', null, null);
INSERT INTO `sys_user` VALUES ('admin', 'admin', 'admin', '123', '13121212121', '', '', null, '264102895945777152000001', '1', '', '', '2019-12-19 18:06:54', '263331034588774400000001', '2020-01-07 16:43:47');

-- ----------------------------
-- Table structure for sys_user_role
-- ----------------------------
DROP TABLE IF EXISTS `sys_user_role`;
CREATE TABLE `sys_user_role` (
  `rel_id` varchar(64) NOT NULL COMMENT '关联ID',
  `user_id` varchar(64) NOT NULL COMMENT '用户ID',
  `tenant_id` varchar(64) DEFAULT NULL COMMENT '租户ID',
  `role_id` varchar(64) NOT NULL COMMENT '角色ID',
  `modifier_id` varchar(64) NOT NULL COMMENT '修改人ID',
  `modify_time` datetime NOT NULL COMMENT '修改时间',
  PRIMARY KEY (`rel_id`),
  KEY `FK_sys_user_role_rrole` (`role_id`),
  KEY `FK_sys_user_role_tent` (`tenant_id`),
  KEY `FK_sys_user_role` (`user_id`)
) ENGINE=InnoDB DEFAULT CHARSET=utf8 COMMENT='用户角色关联表';

-- ----------------------------
-- Records of sys_user_role
-- ----------------------------
INSERT INTO `sys_user_role` VALUES ('266497690798391296000001', 'admin', null, '263274689638432780000001', 'admin', '2020-01-06 09:26:41');
INSERT INTO `sys_user_role` VALUES ('362936331002707968000001', '362936330964959232000001', null, '263274689638432770000001', 'admin', '2020-09-28 12:19:24');
INSERT INTO `sys_user_role` VALUES ('362936395565629440000001', '362936330964959232000001', '362936395431411712000001', '000000000011111', 'admin', '2020-09-28 12:19:40');
INSERT INTO `sys_user_role` VALUES ('363288516794253312000001', '363288516756504576000001', null, '263274689638432770000001', 'admin', '2020-09-29 11:38:52');
INSERT INTO `sys_user_role` VALUES ('363325469606543360000001', '363325469564600320000001', null, '263274689638432770000001', '362936330964959232000001', '2020-09-29 14:05:42');
INSERT INTO `sys_user_role` VALUES ('363325469610737664000001', '363325469564600320000001', '362936395431411712000001', '263274689638432880000001', '362936330964959232000001', '2020-09-29 14:05:42');
INSERT INTO `sys_user_role` VALUES ('363326328994267136000001', '363326328943935488000001', null, '263274689638432770000001', '362936330964959232000001', '2020-09-29 14:09:07');
INSERT INTO `sys_user_role` VALUES ('363327644378333184000001', '363326328943935488000001', '362936395431411712000001', '263274689638432880000001', '362936330964959232000001', '2020-09-29 14:14:21');

-- ----------------------------
-- Table structure for test_user
-- ----------------------------
DROP TABLE IF EXISTS `test_user`;
CREATE TABLE `test_user` (
  `id` int(11) NOT NULL AUTO_INCREMENT,
  `username` varchar(255) NOT NULL,
  `password` varchar(255) NOT NULL,
  PRIMARY KEY (`id`)
) ENGINE=InnoDB AUTO_INCREMENT=2 DEFAULT CHARSET=latin1;

-- ----------------------------
-- Records of test_user
-- ----------------------------
INSERT INTO `test_user` VALUES ('1', 'jeffrey', '123');
